{
  "cities": [
    {"id": 1, "name": "Lahore"},
    {"id": 2, "name": "Islamabad"},
    {"id": 3, "name": "Karachi"},
    {"id": 4, "name": "Peshawar"},
    {"id": 5, "name": "Quetta"},
    {"id": 6, "name": "Multan"},
    {"id": 7, "name": "Faisalabad"},
    {"id": 8, "name": "Rawalpindi"},
    {"id": 9, "name": "Gujranwala"},
    {"id": 10, "name": "Sialkot"},
    {"id": 11, "name": "Sargodha"},
    {"id": 12, "name": "Bahawalpur"},
    {"id": 13, "name": "Sukkur"},
    {"id": 14, "name": "Larkana"},
    {"id": 15, "name": "Sheikhupura"},
    {"id": 16, "name": "Rahim Yar Khan"},
    {"id": 17, "name": "Gujrat"},
    {"id": 18, "name": "Kasur"},
    {"id": 19, "name": "Mardan"},
    {"id": 20, "name": "Sahiwal"},
    {"id": 21, "name": "Nawabshah"},
    {"id": 22, "name": "Chiniot"},
    {"id": 23, "name": "Kotri"},
    {"id": 24, "name": "Khanpur"},
    {"id": 25, "name": "Hafizabad"},
    {"id": 26, "name": "Hyderabad"},
    {"id": 27, "name": "Mirpur Khas"},
    {"id": 28, "name": "Jacobabad"},
    {"id": 29, "name": "Dadu"},
    {"id": 30, "name": "Shikarpur"},
    {"id": 31, "name": "Khuzdar"},
    {"id": 32, "name": "Turbat"},
    {"id": 33, "name": "Gwadar"},
    {"id": 34, "name": "Zhob"},
    {"id": 35, "name": "Dera Ismail Khan"},
    {"id": 36, "name": "Bannu"},
    {"id": 37, "name": "Kohat"},
    {"id": 38, "name": "Abbottabad"},
    {"id": 39, "name": "Mansehra"},
    {"id": 40, "name": "Muzaffarabad"},
    {"id": 41, "name": "Shorkot"}
  ]
}
